patient_id,ground_truth_report,generated_baseline_report
P1001,"FINDINGS: Moderate right-sided pleural effusion is present with associated bibasilar opacity, representing compressive atelectasis versus pneumonia. IMPRESSION: Right pleural effusion and probable bibasilar atelectasis.","FINDINGS: Moderate right-sided pleural effusion is present with associated bibasilar opacity, representing compressive atelectasis versus pneumonia. IMPRESSION: Right pleural effusion and probable bibasilar atelectasis."
P1001,FINDINGS: Lungs are hyperinflated consistent with chronic obstructive pulmonary disease. No acute focal infiltrate or consolidation. IMPRESSION: COPD changes without acute consolidation.,"FINDINGS: Moderate right-sided pleural effusion is present with associated bibasilar opacity, representing compressive atelectasis versus pneumonia. IMPRESSION: Right pleural effusion and probable bibasilar atelectasis."
P1002,"FINDINGS: Low lung volumes. Patchy opacity in the left lower lobe may represent pneumonia or atelectasis. Follow-up recommended. IMPRESSION: Left lower lobe opacity, concern for pneumonia.","FINDINGS: Moderate right-sided pleural effusion is present with associated bibasilar opacity, representing compressive atelectasis versus pneumonia. IMPRESSION: Right pleural effusion and probable bibasilar atelectasis."
P1002,"FINDINGS: The cardiac silhouette is within normal limits. Lungs are clear without focal consolidation, pneumothorax, or pleural effusion. Visualized osseous structures are intact. IMPRESSION: No acute cardiopulmonary disease.","FINDINGS: Moderate right-sided pleural effusion is present with associated bibasilar opacity, representing compressive atelectasis versus pneumonia. IMPRESSION: Right pleural effusion and probable bibasilar atelectasis."
P1014,FINDINGS: Lungs are hyperinflated consistent with chronic obstructive pulmonary disease. No acute focal infiltrate or consolidation. IMPRESSION: COPD changes without acute consolidation.,"FINDINGS: Moderate right-sided pleural effusion is present with associated bibasilar opacity, representing compressive atelectasis versus pneumonia. IMPRESSION: Right pleural effusion and probable bibasilar atelectasis."
P1014,"FINDINGS: Low lung volumes. Patchy opacity in the left lower lobe may represent pneumonia or atelectasis. Follow-up recommended. IMPRESSION: Left lower lobe opacity, concern for pneumonia.","FINDINGS: Moderate right-sided pleural effusion is present with associated bibasilar opacity, representing compressive atelectasis versus pneumonia. IMPRESSION: Right pleural effusion and probable bibasilar atelectasis."
P1020,"FINDINGS: The cardiac silhouette is within normal limits. Lungs are clear without focal consolidation, pneumothorax, or pleural effusion. Visualized osseous structures are intact. IMPRESSION: No acute cardiopulmonary disease.","FINDINGS: Moderate right-sided pleural effusion is present with associated bibasilar opacity, representing compressive atelectasis versus pneumonia. IMPRESSION: Right pleural effusion and probable bibasilar atelectasis."
P1020,FINDINGS: Mild cardiomegaly is present. There is minimal bibasilar atelectasis. No overt pulmonary edema. No pneumothorax seen. IMPRESSION: Mild cardiomegaly with minor basilar atelectasis.,"FINDINGS: Moderate right-sided pleural effusion is present with associated bibasilar opacity, representing compressive atelectasis versus pneumonia. IMPRESSION: Right pleural effusion and probable bibasilar atelectasis."
P1021,"FINDINGS: Moderate right-sided pleural effusion is present with associated bibasilar opacity, representing compressive atelectasis versus pneumonia. IMPRESSION: Right pleural effusion and probable bibasilar atelectasis.","FINDINGS: Moderate right-sided pleural effusion is present with associated bibasilar opacity, representing compressive atelectasis versus pneumonia. IMPRESSION: Right pleural effusion and probable bibasilar atelectasis."
P1021,FINDINGS: Lungs are hyperinflated consistent with chronic obstructive pulmonary disease. No acute focal infiltrate or consolidation. IMPRESSION: COPD changes without acute consolidation.,"FINDINGS: Moderate right-sided pleural effusion is present with associated bibasilar opacity, representing compressive atelectasis versus pneumonia. IMPRESSION: Right pleural effusion and probable bibasilar atelectasis."
P1023,FINDINGS: Mild cardiomegaly is present. There is minimal bibasilar atelectasis. No overt pulmonary edema. No pneumothorax seen. IMPRESSION: Mild cardiomegaly with minor basilar atelectasis.,"FINDINGS: Moderate right-sided pleural effusion is present with associated bibasilar opacity, representing compressive atelectasis versus pneumonia. IMPRESSION: Right pleural effusion and probable bibasilar atelectasis."
P1023,"FINDINGS: Moderate right-sided pleural effusion is present with associated bibasilar opacity, representing compressive atelectasis versus pneumonia. IMPRESSION: Right pleural effusion and probable bibasilar atelectasis.","FINDINGS: Moderate right-sided pleural effusion is present with associated bibasilar opacity, representing compressive atelectasis versus pneumonia. IMPRESSION: Right pleural effusion and probable bibasilar atelectasis."
P1029,FINDINGS: Lungs are hyperinflated consistent with chronic obstructive pulmonary disease. No acute focal infiltrate or consolidation. IMPRESSION: COPD changes without acute consolidation.,"FINDINGS: Moderate right-sided pleural effusion is present with associated bibasilar opacity, representing compressive atelectasis versus pneumonia. IMPRESSION: Right pleural effusion and probable bibasilar atelectasis."
P1029,"FINDINGS: Low lung volumes. Patchy opacity in the left lower lobe may represent pneumonia or atelectasis. Follow-up recommended. IMPRESSION: Left lower lobe opacity, concern for pneumonia.","FINDINGS: Moderate right-sided pleural effusion is present with associated bibasilar opacity, representing compressive atelectasis versus pneumonia. IMPRESSION: Right pleural effusion and probable bibasilar atelectasis."
P1032,"FINDINGS: Low lung volumes. Patchy opacity in the left lower lobe may represent pneumonia or atelectasis. Follow-up recommended. IMPRESSION: Left lower lobe opacity, concern for pneumonia.","FINDINGS: Moderate right-sided pleural effusion is present with associated bibasilar opacity, representing compressive atelectasis versus pneumonia. IMPRESSION: Right pleural effusion and probable bibasilar atelectasis."
P1032,"FINDINGS: The cardiac silhouette is within normal limits. Lungs are clear without focal consolidation, pneumothorax, or pleural effusion. Visualized osseous structures are intact. IMPRESSION: No acute cardiopulmonary disease.","FINDINGS: Moderate right-sided pleural effusion is present with associated bibasilar opacity, representing compressive atelectasis versus pneumonia. IMPRESSION: Right pleural effusion and probable bibasilar atelectasis."
P1037,"FINDINGS: Low lung volumes. Patchy opacity in the left lower lobe may represent pneumonia or atelectasis. Follow-up recommended. IMPRESSION: Left lower lobe opacity, concern for pneumonia.","FINDINGS: Moderate right-sided pleural effusion is present with associated bibasilar opacity, representing compressive atelectasis versus pneumonia. IMPRESSION: Right pleural effusion and probable bibasilar atelectasis."
P1037,"FINDINGS: The cardiac silhouette is within normal limits. Lungs are clear without focal consolidation, pneumothorax, or pleural effusion. Visualized osseous structures are intact. IMPRESSION: No acute cardiopulmonary disease.","FINDINGS: Moderate right-sided pleural effusion is present with associated bibasilar opacity, representing compressive atelectasis versus pneumonia. IMPRESSION: Right pleural effusion and probable bibasilar atelectasis."
P1051,"FINDINGS: Moderate right-sided pleural effusion is present with associated bibasilar opacity, representing compressive atelectasis versus pneumonia. IMPRESSION: Right pleural effusion and probable bibasilar atelectasis.","FINDINGS: Moderate right-sided pleural effusion is present with associated bibasilar opacity, representing compressive atelectasis versus pneumonia. IMPRESSION: Right pleural effusion and probable bibasilar atelectasis."
P1051,FINDINGS: Lungs are hyperinflated consistent with chronic obstructive pulmonary disease. No acute focal infiltrate or consolidation. IMPRESSION: COPD changes without acute consolidation.,"FINDINGS: Moderate right-sided pleural effusion is present with associated bibasilar opacity, representing compressive atelectasis versus pneumonia. IMPRESSION: Right pleural effusion and probable bibasilar atelectasis."
P1052,"FINDINGS: Low lung volumes. Patchy opacity in the left lower lobe may represent pneumonia or atelectasis. Follow-up recommended. IMPRESSION: Left lower lobe opacity, concern for pneumonia.","FINDINGS: Moderate right-sided pleural effusion is present with associated bibasilar opacity, representing compressive atelectasis versus pneumonia. IMPRESSION: Right pleural effusion and probable bibasilar atelectasis."
P1052,"FINDINGS: The cardiac silhouette is within normal limits. Lungs are clear without focal consolidation, pneumothorax, or pleural effusion. Visualized osseous structures are intact. IMPRESSION: No acute cardiopulmonary disease.","FINDINGS: Moderate right-sided pleural effusion is present with associated bibasilar opacity, representing compressive atelectasis versus pneumonia. IMPRESSION: Right pleural effusion and probable bibasilar atelectasis."
P1059,FINDINGS: Lungs are hyperinflated consistent with chronic obstructive pulmonary disease. No acute focal infiltrate or consolidation. IMPRESSION: COPD changes without acute consolidation.,"FINDINGS: Moderate right-sided pleural effusion is present with associated bibasilar opacity, representing compressive atelectasis versus pneumonia. IMPRESSION: Right pleural effusion and probable bibasilar atelectasis."
P1059,"FINDINGS: Low lung volumes. Patchy opacity in the left lower lobe may represent pneumonia or atelectasis. Follow-up recommended. IMPRESSION: Left lower lobe opacity, concern for pneumonia.","FINDINGS: Moderate right-sided pleural effusion is present with associated bibasilar opacity, representing compressive atelectasis versus pneumonia. IMPRESSION: Right pleural effusion and probable bibasilar atelectasis."
P1060,"FINDINGS: The cardiac silhouette is within normal limits. Lungs are clear without focal consolidation, pneumothorax, or pleural effusion. Visualized osseous structures are intact. IMPRESSION: No acute cardiopulmonary disease.","FINDINGS: Moderate right-sided pleural effusion is present with associated bibasilar opacity, representing compressive atelectasis versus pneumonia. IMPRESSION: Right pleural effusion and probable bibasilar atelectasis."
P1060,FINDINGS: Mild cardiomegaly is present. There is minimal bibasilar atelectasis. No overt pulmonary edema. No pneumothorax seen. IMPRESSION: Mild cardiomegaly with minor basilar atelectasis.,"FINDINGS: Moderate right-sided pleural effusion is present with associated bibasilar opacity, representing compressive atelectasis versus pneumonia. IMPRESSION: Right pleural effusion and probable bibasilar atelectasis."
P1065,"FINDINGS: The cardiac silhouette is within normal limits. Lungs are clear without focal consolidation, pneumothorax, or pleural effusion. Visualized osseous structures are intact. IMPRESSION: No acute cardiopulmonary disease.","FINDINGS: Moderate right-sided pleural effusion is present with associated bibasilar opacity, representing compressive atelectasis versus pneumonia. IMPRESSION: Right pleural effusion and probable bibasilar atelectasis."
P1065,FINDINGS: Mild cardiomegaly is present. There is minimal bibasilar atelectasis. No overt pulmonary edema. No pneumothorax seen. IMPRESSION: Mild cardiomegaly with minor basilar atelectasis.,"FINDINGS: Moderate right-sided pleural effusion is present with associated bibasilar opacity, representing compressive atelectasis versus pneumonia. IMPRESSION: Right pleural effusion and probable bibasilar atelectasis."
P1070,"FINDINGS: The cardiac silhouette is within normal limits. Lungs are clear without focal consolidation, pneumothorax, or pleural effusion. Visualized osseous structures are intact. IMPRESSION: No acute cardiopulmonary disease.","FINDINGS: Moderate right-sided pleural effusion is present with associated bibasilar opacity, representing compressive atelectasis versus pneumonia. IMPRESSION: Right pleural effusion and probable bibasilar atelectasis."
P1070,FINDINGS: Mild cardiomegaly is present. There is minimal bibasilar atelectasis. No overt pulmonary edema. No pneumothorax seen. IMPRESSION: Mild cardiomegaly with minor basilar atelectasis.,"FINDINGS: Moderate right-sided pleural effusion is present with associated bibasilar opacity, representing compressive atelectasis versus pneumonia. IMPRESSION: Right pleural effusion and probable bibasilar atelectasis."
P1071,"FINDINGS: Moderate right-sided pleural effusion is present with associated bibasilar opacity, representing compressive atelectasis versus pneumonia. IMPRESSION: Right pleural effusion and probable bibasilar atelectasis.","FINDINGS: Moderate right-sided pleural effusion is present with associated bibasilar opacity, representing compressive atelectasis versus pneumonia. IMPRESSION: Right pleural effusion and probable bibasilar atelectasis."
P1071,FINDINGS: Lungs are hyperinflated consistent with chronic obstructive pulmonary disease. No acute focal infiltrate or consolidation. IMPRESSION: COPD changes without acute consolidation.,"FINDINGS: Moderate right-sided pleural effusion is present with associated bibasilar opacity, representing compressive atelectasis versus pneumonia. IMPRESSION: Right pleural effusion and probable bibasilar atelectasis."
