patient_id,ground_truth_report,baseline_no_retrieval,random_retrieval_control,faiss_similarity_rag,faiss_retrieved_context_1,faiss_retrieved_context_2
P1001,"FINDINGS: Moderate right-sided pleural effusion is present with associated bibasilar opacity, representing compressive atelectasis versus pneumonia. IMPRESSION: Right pleural effusion and probable bibasilar atelectasis.",FINDINGS: Mild cardiomegaly is present. There is minimal bibasilar atelectasis. No overt pulmonary edema. No pneumothorax seen. IMPRESSION: Mild cardiomegaly with minor basilar atelectasis.,FINDINGS: Mild cardiomegaly is present. There is minimal bibasilar atelectasis. No overt pulmonary edema. No pneumothorax seen. IMPRESSION: Mild cardiomegaly with minor basilar atelectasis.,"FINDINGS: Moderate right-sided pleural effusion is present with associated bibasilar opacity. No acute focal infiltrate or pneumonia. IMPRESSION: Left lower lobe opacity, concern for pneumonia.","FINDINGS: Moderate right-sided pleural effusion is present with associated bibasilar opacity, representing compressive atelectasis versus pneumonia. IMPRESSION: Right pleural effusion and probable bibasilar atelectasis.","FINDINGS: Low lung volumes. Patchy opacity in the left lower lobe may represent pneumonia or atelectasis. Follow-up recommended. IMPRESSION: Left lower lobe opacity, concern for pneumonia."
P1001,FINDINGS: Lungs are hyperinflated consistent with chronic obstructive pulmonary disease. No acute focal infiltrate or consolidation. IMPRESSION: COPD changes without acute consolidation.,"FINDINGS: The cardiac silhouette is within normal limits. Lungs are clear without focal consolidation, pneumothorax, or pleural effusion. Visualized osseous structures are intact. IMPRESSION: No acute cardiopulmonary disease.",FINDINGS: Mild cardiomegaly is present. There is minimal bibasilar atelectasis. No overt pulmonary edema. No pneumothorax seen. IMPRESSION: Mild cardiomegaly with minor basilar atelectasis.,FINDINGS: Low lung volumes. Patchy opacity in the left lower lobe may represent pneumonia or atelectasis. Follow-up recommended. IMPRESSION: No acute cardiopulmonary disease.,"FINDINGS: Low lung volumes. Patchy opacity in the left lower lobe may represent pneumonia or atelectasis. Follow-up recommended. IMPRESSION: Left lower lobe opacity, concern for pneumonia.","FINDINGS: The cardiac silhouette is within normal limits. Lungs are clear without focal consolidation, pneumothorax, or pleural effusion. Visualized osseous structures are intact. IMPRESSION: No acute cardiopulmonary disease."
P1002,"FINDINGS: Low lung volumes. Patchy opacity in the left lower lobe may represent pneumonia or atelectasis. Follow-up recommended. IMPRESSION: Left lower lobe opacity, concern for pneumonia.","FINDINGS: The cardiac silhouette is within normal limits. Lungs are clear without focal consolidation, pneumothorax, or pleural effusion. Visualized osseous structures are intact. IMPRESSION: No acute cardiopulmonary disease.",FINDINGS: Lungs are hyperinflated consistent with chronic obstructive pulmonary disease. No acute focal infiltrate or consolidation. IMPRESSION: COPD changes without acute consolidation.,FINDINGS: Moderate right-sided pleural effusion is present with associated bibasilar opacity. No acute cardiopulmonary disease.,"FINDINGS: The cardiac silhouette is within normal limits. Lungs are clear without focal consolidation, pneumothorax, or pleural effusion. Visualized osseous structures are intact. IMPRESSION: No acute cardiopulmonary disease.","FINDINGS: Moderate right-sided pleural effusion is present with associated bibasilar opacity, representing compressive atelectasis versus pneumonia. IMPRESSION: Right pleural effusion and probable bibasilar atelectasis."
P1002,"FINDINGS: The cardiac silhouette is within normal limits. Lungs are clear without focal consolidation, pneumothorax, or pleural effusion. Visualized osseous structures are intact. IMPRESSION: No acute cardiopulmonary disease.","FINDINGS: The cardiac silhouette is within normal limits. Lungs are clear without focal consolidation, pneumothorax, or pleural effusion. Visualized osseous structures are intact. IMPRESSION: No acute cardiopulmonary disease.","FINDINGS: Low lung volumes. Patchy opacity in the left lower lobe may represent pneumonia or atelectasis. Follow-up recommended. IMPRESSION: Left lower lobe opacity, concern for pneumonia.",FINDINGS: Lungs are hyperinflated consistent with chronic obstructive pulmonary disease. No acute focal infiltrate or consolidation. IMPRESSION: COPD changes without acute consolidation.,FINDINGS: Lungs are hyperinflated consistent with chronic obstructive pulmonary disease. No acute focal infiltrate or consolidation. IMPRESSION: COPD changes without acute consolidation.,FINDINGS: Lungs are hyperinflated consistent with chronic obstructive pulmonary disease. No acute focal infiltrate or consolidation. IMPRESSION: COPD changes without acute consolidation.
P1014,FINDINGS: Lungs are hyperinflated consistent with chronic obstructive pulmonary disease. No acute focal infiltrate or consolidation. IMPRESSION: COPD changes without acute consolidation.,"FINDINGS: The cardiac silhouette is within normal limits. Lungs are clear without focal consolidation, pneumothorax, or pleural effusion. Visualized osseous structures are intact. IMPRESSION: No acute cardiopulmonary disease.",FINDINGS: Mild cardiomegaly is present. There is minimal bibasilar atelectasis. No overt pulmonary edema. No pneumothorax seen. IMPRESSION: Mild cardiomegaly with minor basilar atelectasis.,FINDINGS: Mild cardiomegaly is present. There is minimal bibasilar atelectasis. No overt pulmonary edema. No pneumothorax seen. IMPRESSION: Mild cardiomegaly with minor basilar atelectasis.,FINDINGS: Mild cardiomegaly is present. There is minimal bibasilar atelectasis. No overt pulmonary edema. No pneumothorax seen. IMPRESSION: Mild cardiomegaly with minor basilar atelectasis.,FINDINGS: Lungs are hyperinflated consistent with chronic obstructive pulmonary disease. No acute focal infiltrate or consolidation. IMPRESSION: COPD changes without acute consolidation.
P1014,"FINDINGS: Low lung volumes. Patchy opacity in the left lower lobe may represent pneumonia or atelectasis. Follow-up recommended. IMPRESSION: Left lower lobe opacity, concern for pneumonia.","FINDINGS: The cardiac silhouette is within normal limits. Lungs are clear without focal consolidation, pneumothorax, or pleural effusion. Visualized osseous structures are intact. IMPRESSION: No acute cardiopulmonary disease.","FINDINGS: The cardiac silhouette is within normal limits. Lungs are clear without focal consolidation, pneumothorax, or pleural effusion. Visualized osseous structures are intact. IMPRESSION: Mild cardiomegaly with minor basilar atelectasis.",FINDINGS: Mild cardiomegaly is present. There is minimal bibasilar atelectasis. No overt pulmonary edema. No pneumothorax seen. IMPRESSION: Mild cardiomegaly with minor basilar atelectasis.,FINDINGS: Mild cardiomegaly is present. There is minimal bibasilar atelectasis. No overt pulmonary edema. No pneumothorax seen. IMPRESSION: Mild cardiomegaly with minor basilar atelectasis.,"FINDINGS: Moderate right-sided pleural effusion is present with associated bibasilar opacity, representing compressive atelectasis versus pneumonia. IMPRESSION: Right pleural effusion and probable bibasilar atelectasis."
P1020,"FINDINGS: The cardiac silhouette is within normal limits. Lungs are clear without focal consolidation, pneumothorax, or pleural effusion. Visualized osseous structures are intact. IMPRESSION: No acute cardiopulmonary disease.","FINDINGS: The cardiac silhouette is within normal limits. Lungs are clear without focal consolidation, pneumothorax, or pleural effusion. Visualized osseous structures are intact. IMPRESSION: No acute cardiopulmonary disease.","FINDINGS: Low lung volumes. Patchy opacity in the left lower lobe may represent pneumonia or atelectasis. Follow-up recommended. IMPRESSION: Left lower lobe opacity, concern for pneumonia.",FINDINGS: Mild cardiomegaly is present. There is minimal bibasilar atelectasis. No overt pulmonary edema. No pneumothorax seen. IMPRESSION: Mild cardiomegaly with minor basilar atelectasis.,FINDINGS: Mild cardiomegaly is present. There is minimal bibasilar atelectasis. No overt pulmonary edema. No pneumothorax seen. IMPRESSION: Mild cardiomegaly with minor basilar atelectasis.,"FINDINGS: Low lung volumes. Patchy opacity in the left lower lobe may represent pneumonia or atelectasis. Follow-up recommended. IMPRESSION: Left lower lobe opacity, concern for pneumonia."
P1020,FINDINGS: Mild cardiomegaly is present. There is minimal bibasilar atelectasis. No overt pulmonary edema. No pneumothorax seen. IMPRESSION: Mild cardiomegaly with minor basilar atelectasis.,FINDINGS: Mild cardiomegaly is present. There is minimal bibasilar atelectasis. No overt pulmonary edema. No pneumothorax seen. IMPRESSION: Mild cardiomegaly with minor basilar atelectasis.,FINDINGS: Lungs are hyperinflated consistent with chronic obstructive pulmonary disease. No acute focal infiltrate or consolidation. IMPRESSION: COPD changes without acute consolidation.,"FINDINGS: The cardiac silhouette is within normal limits. Lungs are clear without focal consolidation, pneumothorax, or pleural effusion. Visualized osseous structures are intact. IMPRESSION: No acute cardiopulmonary disease.","FINDINGS: The cardiac silhouette is within normal limits. Lungs are clear without focal consolidation, pneumothorax, or pleural effusion. Visualized osseous structures are intact. IMPRESSION: No acute cardiopulmonary disease.",FINDINGS: Lungs are hyperinflated consistent with chronic obstructive pulmonary disease. No acute focal infiltrate or consolidation. IMPRESSION: COPD changes without acute consolidation.
P1021,"FINDINGS: Moderate right-sided pleural effusion is present with associated bibasilar opacity, representing compressive atelectasis versus pneumonia. IMPRESSION: Right pleural effusion and probable bibasilar atelectasis.","FINDINGS: The cardiac silhouette is within normal limits. Lungs are clear without focal consolidation, pneumothorax, or pleural effusion. Visualized osseous structures are intact. IMPRESSION: No acute cardiopulmonary disease.",FINDINGS: Mild cardiomegaly is present. There is minimal bibasilar atelectasis. No overt pulmonary edema. No pneumothorax seen. IMPRESSION: Mild cardiomegaly with minor basilar atelectasis.,FINDINGS: Moderate right-sided pleural effusion is present with associated bibasilar atelectasis. No overt pulmonary edema seen. IMPRESSION: Right pleural effusion and probable bibasilar atelectasis.,FINDINGS: Mild cardiomegaly is present. There is minimal bibasilar atelectasis. No overt pulmonary edema. No pneumothorax seen. IMPRESSION: Mild cardiomegaly with minor basilar atelectasis.,FINDINGS: Mild cardiomegaly is present. There is minimal bibasilar atelectasis. No overt pulmonary edema. No pneumothorax seen. IMPRESSION: Mild cardiomegaly with minor basilar atelectasis.
P1021,FINDINGS: Lungs are hyperinflated consistent with chronic obstructive pulmonary disease. No acute focal infiltrate or consolidation. IMPRESSION: COPD changes without acute consolidation.,FINDINGS: Mild cardiomegaly is present. There is minimal bibasilar atelectasis. No overt pulmonary edema. No pneumothorax seen. IMPRESSION: Mild cardiomegaly with minor basilar atelectasis.,FINDINGS: Mild cardiomegaly is present. There is minimal bibasilar atelectasis. No overt pulmonary edema. No pneumothorax seen. IMPRESSION: Mild cardiomegaly with minor basilar atelectasis.,FINDINGS: Moderate right-sided pleural effusion is present with associated bibasilar opacity. No overt pulmonary edema. No pneumothorax seen. IMPRESSION: Mild cardiomegaly with minor basilar atelectasis.,"FINDINGS: Moderate right-sided pleural effusion is present with associated bibasilar opacity, representing compressive atelectasis versus pneumonia. IMPRESSION: Right pleural effusion and probable bibasilar atelectasis.",FINDINGS: Mild cardiomegaly is present. There is minimal bibasilar atelectasis. No overt pulmonary edema. No pneumothorax seen. IMPRESSION: Mild cardiomegaly with minor basilar atelectasis.
P1023,FINDINGS: Mild cardiomegaly is present. There is minimal bibasilar atelectasis. No overt pulmonary edema. No pneumothorax seen. IMPRESSION: Mild cardiomegaly with minor basilar atelectasis.,"FINDINGS: The cardiac silhouette is within normal limits. Lungs are clear without focal consolidation, pneumothorax, or pleural effusion. Visualized osseous structures are intact. IMPRESSION: No acute cardiopulmonary disease.","FINDINGS: Low lung volumes. Patchy opacity in the left lower lobe may represent pneumonia or atelectasis. Follow-up recommended. IMPRESSION: Left lower lobe opacity, concern for pneumonia.",FINDINGS: Moderate right-sided pleural effusion is present with associated bibasilar opacity. No acute focal infiltrate or pneumonia. IMPRESSION: Right pleural effusion and probable bibasilar atelectasis.,"FINDINGS: Moderate right-sided pleural effusion is present with associated bibasilar opacity, representing compressive atelectasis versus pneumonia. IMPRESSION: Right pleural effusion and probable bibasilar atelectasis.","FINDINGS: Moderate right-sided pleural effusion is present with associated bibasilar opacity, representing compressive atelectasis versus pneumonia. IMPRESSION: Right pleural effusion and probable bibasilar atelectasis."
P1023,"FINDINGS: Moderate right-sided pleural effusion is present with associated bibasilar opacity, representing compressive atelectasis versus pneumonia. IMPRESSION: Right pleural effusion and probable bibasilar atelectasis.","FINDINGS: The cardiac silhouette is within normal limits. Lungs are clear without focal consolidation, pneumothorax, or pleural effusion. Visualized osseous structures are intact. IMPRESSION: No acute cardiopulmonary disease.","FINDINGS: Low lung volumes. Patchy opacity in the left lower lobe may represent pneumonia or atelectasis. Follow-up recommended. IMPRESSION: Left lower lobe opacity, concern for pneumonia.",FINDINGS: Lungs are hyperinflated consistent with chronic obstructive pulmonary disease. No acute focal infiltrate or consolidation. IMPRESSION: No acute cardiopulmonary disease.,FINDINGS: Lungs are hyperinflated consistent with chronic obstructive pulmonary disease. No acute focal infiltrate or consolidation. IMPRESSION: COPD changes without acute consolidation.,"FINDINGS: The cardiac silhouette is within normal limits. Lungs are clear without focal consolidation, pneumothorax, or pleural effusion. Visualized osseous structures are intact. IMPRESSION: No acute cardiopulmonary disease."
P1029,FINDINGS: Lungs are hyperinflated consistent with chronic obstructive pulmonary disease. No acute focal infiltrate or consolidation. IMPRESSION: COPD changes without acute consolidation.,"FINDINGS: The cardiac silhouette is within normal limits. Lungs are clear without focal consolidation, pneumothorax, or pleural effusion. Visualized osseous structures are intact. IMPRESSION: No acute cardiopulmonary disease.",FINDINGS: Mild cardiomegaly is present. There is minimal bibasilar atelectasis. No overt pulmonary edema. No pneumothorax seen. IMPRESSION: Mild cardiomegaly with minor basilar atelectasis.,FINDINGS: Mild cardiomegaly is present. There is minimal bibasilar atelectasis. No overt pulmonary edema. No pneumothorax seen. IMPRESSION: Mild cardiomegaly with minor basilar atelectasis.,"FINDINGS: The cardiac silhouette is within normal limits. Lungs are clear without focal consolidation, pneumothorax, or pleural effusion. Visualized osseous structures are intact. IMPRESSION: No acute cardiopulmonary disease.",FINDINGS: Mild cardiomegaly is present. There is minimal bibasilar atelectasis. No overt pulmonary edema. No pneumothorax seen. IMPRESSION: Mild cardiomegaly with minor basilar atelectasis.
P1029,"FINDINGS: Low lung volumes. Patchy opacity in the left lower lobe may represent pneumonia or atelectasis. Follow-up recommended. IMPRESSION: Left lower lobe opacity, concern for pneumonia.","FINDINGS: The cardiac silhouette is within normal limits. Lungs are clear without focal consolidation, pneumothorax, or pleural effusion. Visualized osseous structures are intact. IMPRESSION: No acute cardiopulmonary disease.","FINDINGS: The cardiac silhouette is within normal limits. Lungs are clear without focal consolidation, pneumothorax, or pleural effusion. Visualized osseous structures are intact. IMPRESSION: Mild cardiomegaly with minor basilar atelectasis.","FINDINGS: Low lung volumes. Patchy opacity in the left lower lobe may represent pneumonia or atelectasis. Follow-up recommended. IMPRESSION: Left lower lobe opacity, concern for pneumonia.","FINDINGS: Low lung volumes. Patchy opacity in the left lower lobe may represent pneumonia or atelectasis. Follow-up recommended. IMPRESSION: Left lower lobe opacity, concern for pneumonia.","FINDINGS: Moderate right-sided pleural effusion is present with associated bibasilar opacity, representing compressive atelectasis versus pneumonia. IMPRESSION: Right pleural effusion and probable bibasilar atelectasis."
P1032,"FINDINGS: Low lung volumes. Patchy opacity in the left lower lobe may represent pneumonia or atelectasis. Follow-up recommended. IMPRESSION: Left lower lobe opacity, concern for pneumonia.","FINDINGS: The cardiac silhouette is within normal limits. Lungs are clear without focal consolidation, pneumothorax, or pleural effusion. Visualized osseous structures are intact. IMPRESSION: No acute cardiopulmonary disease.","FINDINGS: Low lung volumes. Patchy opacity in the left lower lobe may represent pneumonia or atelectasis. Follow-up recommended. IMPRESSION: Left lower lobe opacity, concern for pneumonia.",FINDINGS: Mild cardiomegaly is present. There is minimal bibasilar atelectasis. No overt pulmonary edema. No pneumothorax seen. IMPRESSION: Mild pleural effusion.,FINDINGS: Mild cardiomegaly is present. There is minimal bibasilar atelectasis. No overt pulmonary edema. No pneumothorax seen. IMPRESSION: Mild cardiomegaly with minor basilar atelectasis.,"FINDINGS: Moderate right-sided pleural effusion is present with associated bibasilar opacity, representing compressive atelectasis versus pneumonia. IMPRESSION: Right pleural effusion and probable bibasilar atelectasis."
P1032,"FINDINGS: The cardiac silhouette is within normal limits. Lungs are clear without focal consolidation, pneumothorax, or pleural effusion. Visualized osseous structures are intact. IMPRESSION: No acute cardiopulmonary disease.","FINDINGS: The cardiac silhouette is within normal limits. Lungs are clear without focal consolidation, pneumothorax, or pleural effusion. Visualized osseous structures are intact. IMPRESSION: No acute cardiopulmonary disease.",FINDINGS: Lungs are hyperinflated consistent with chronic obstructive pulmonary disease. No acute focal infiltrate or consolidation. IMPRESSION: COPD changes without acute consolidation.,FINDINGS: Lungs are hyperinflated consistent with chronic obstructive pulmonary disease. No acute focal infiltrate or consolidation. IMPRESSION: COPD changes without acute consolidation.,FINDINGS: Lungs are hyperinflated consistent with chronic obstructive pulmonary disease. No acute focal infiltrate or consolidation. IMPRESSION: COPD changes without acute consolidation.,FINDINGS: Lungs are hyperinflated consistent with chronic obstructive pulmonary disease. No acute focal infiltrate or consolidation. IMPRESSION: COPD changes without acute consolidation.
P1037,"FINDINGS: Low lung volumes. Patchy opacity in the left lower lobe may represent pneumonia or atelectasis. Follow-up recommended. IMPRESSION: Left lower lobe opacity, concern for pneumonia.","FINDINGS: The cardiac silhouette is within normal limits. Lungs are clear without focal consolidation, pneumothorax, or pleural effusion. Visualized osseous structures are intact. IMPRESSION: No acute cardiopulmonary disease.",FINDINGS: Mild cardiomegaly is present. There is minimal bibasilar atelectasis. No overt pulmonary edema. No pneumothorax seen. IMPRESSION: Mild cardiomegaly with minor basilar atelectasis.,FINDINGS: Mild cardiomegaly is present. There is minimal bibasilar atelectasis. No overt pulmonary edema. No pneumothorax seen. IMPRESSION: Mild cardiomegaly with minor basilar atelectasis.,FINDINGS: Mild cardiomegaly is present. There is minimal bibasilar atelectasis. No overt pulmonary edema. No pneumothorax seen. IMPRESSION: Mild cardiomegaly with minor basilar atelectasis.,FINDINGS: Mild cardiomegaly is present. There is minimal bibasilar atelectasis. No overt pulmonary edema. No pneumothorax seen. IMPRESSION: Mild cardiomegaly with minor basilar atelectasis.
P1037,"FINDINGS: The cardiac silhouette is within normal limits. Lungs are clear without focal consolidation, pneumothorax, or pleural effusion. Visualized osseous structures are intact. IMPRESSION: No acute cardiopulmonary disease.",FINDINGS: Mild cardiomegaly is present. There is minimal bibasilar atelectasis. No overt pulmonary edema. No pneumothorax seen. IMPRESSION: Mild cardiomegaly with minor basilar atelectasis.,FINDINGS: Mild cardiomegaly is present. There is minimal bibasilar atelectasis. No overt pulmonary edema. No pneumothorax seen. IMPRESSION: Mild cardiomegaly with minor basilar atelectasis.,FINDINGS: Lungs are hyperinflated consistent with chronic obstructive pulmonary disease. No acute focal infiltrate or consolidation. IMPRESSION: No acute consolidation.,FINDINGS: Lungs are hyperinflated consistent with chronic obstructive pulmonary disease. No acute focal infiltrate or consolidation. IMPRESSION: COPD changes without acute consolidation.,"FINDINGS: Moderate right-sided pleural effusion is present with associated bibasilar opacity, representing compressive atelectasis versus pneumonia. IMPRESSION: Right pleural effusion and probable bibasilar atelectasis."
P1051,"FINDINGS: Moderate right-sided pleural effusion is present with associated bibasilar opacity, representing compressive atelectasis versus pneumonia. IMPRESSION: Right pleural effusion and probable bibasilar atelectasis.",FINDINGS: Mild cardiomegaly is present. There is minimal bibasilar atelectasis. No overt pulmonary edema. No pneumothorax seen. IMPRESSION: Mild cardiomegaly with minor basilar atelectasis.,"FINDINGS: Low lung volumes. Patchy opacity in the left lower lobe may represent pneumonia or atelectasis. Follow-up recommended. IMPRESSION: Left lower lobe opacity, concern for pneumonia.",FINDINGS: Lungs are hyperinflated consistent with chronic obstructive pulmonary disease. No acute focal infiltrate or consolidation. IMPRESSION: COPD changes without acute consolidation.,FINDINGS: Lungs are hyperinflated consistent with chronic obstructive pulmonary disease. No acute focal infiltrate or consolidation. IMPRESSION: COPD changes without acute consolidation.,FINDINGS: Lungs are hyperinflated consistent with chronic obstructive pulmonary disease. No acute focal infiltrate or consolidation. IMPRESSION: COPD changes without acute consolidation.
P1051,FINDINGS: Lungs are hyperinflated consistent with chronic obstructive pulmonary disease. No acute focal infiltrate or consolidation. IMPRESSION: COPD changes without acute consolidation.,"FINDINGS: The cardiac silhouette is within normal limits. Lungs are clear without focal consolidation, pneumothorax, or pleural effusion. Visualized osseous structures are intact. IMPRESSION: No acute cardiopulmonary disease.","FINDINGS: Low lung volumes. Patchy opacity in the left lower lobe may represent pneumonia or atelectasis. Follow-up recommended. IMPRESSION: Left lower lobe opacity, concern for pneumonia.","FINDINGS: The cardiac silhouette is within normal limits. Lungs are clear without focal consolidation, pneumothorax, or pleural effusion. Visualized osseous structures are intact. IMPRESSION: No acute cardiopulmonary disease.","FINDINGS: The cardiac silhouette is within normal limits. Lungs are clear without focal consolidation, pneumothorax, or pleural effusion. Visualized osseous structures are intact. IMPRESSION: No acute cardiopulmonary disease.",FINDINGS: Lungs are hyperinflated consistent with chronic obstructive pulmonary disease. No acute focal infiltrate or consolidation. IMPRESSION: COPD changes without acute consolidation.
P1052,"FINDINGS: Low lung volumes. Patchy opacity in the left lower lobe may represent pneumonia or atelectasis. Follow-up recommended. IMPRESSION: Left lower lobe opacity, concern for pneumonia.","FINDINGS: The cardiac silhouette is within normal limits. Lungs are clear without focal consolidation, pneumothorax, or pleural effusion. Visualized osseous structures are intact. IMPRESSION: No acute cardiopulmonary disease.",FINDINGS: Mild cardiomegaly is present. There is minimal bibasilar atelectasis. No overt pulmonary edema. No pneumothorax seen. IMPRESSION: Mild cardiomegaly with minor basilar atelectasis.,FINDINGS: Lungs are within normal limits. No acute cardiopulmonary disease.,"FINDINGS: The cardiac silhouette is within normal limits. Lungs are clear without focal consolidation, pneumothorax, or pleural effusion. Visualized osseous structures are intact. IMPRESSION: No acute cardiopulmonary disease.","FINDINGS: The cardiac silhouette is within normal limits. Lungs are clear without focal consolidation, pneumothorax, or pleural effusion. Visualized osseous structures are intact. IMPRESSION: No acute cardiopulmonary disease."
P1052,"FINDINGS: The cardiac silhouette is within normal limits. Lungs are clear without focal consolidation, pneumothorax, or pleural effusion. Visualized osseous structures are intact. IMPRESSION: No acute cardiopulmonary disease.","FINDINGS: The cardiac silhouette is within normal limits. Lungs are clear without focal consolidation, pneumothorax, or pleural effusion. Visualized osseous structures are intact. IMPRESSION: No acute cardiopulmonary disease.",FINDINGS: Mild cardiomegaly is present. There is minimal bibasilar atelectasis. No overt pulmonary edema. No pneumothorax seen. IMPRESSION: Mild cardiomegaly with minor basilar atelectasis.,FINDINGS: Lungs are hyperinflated consistent with chronic obstructive pulmonary disease. No acute focal infiltrate or consolidation. IMPRESSION: No acute cardiopulmonary disease.,"FINDINGS: The cardiac silhouette is within normal limits. Lungs are clear without focal consolidation, pneumothorax, or pleural effusion. Visualized osseous structures are intact. IMPRESSION: No acute cardiopulmonary disease.",FINDINGS: Lungs are hyperinflated consistent with chronic obstructive pulmonary disease. No acute focal infiltrate or consolidation. IMPRESSION: COPD changes without acute consolidation.
P1059,FINDINGS: Lungs are hyperinflated consistent with chronic obstructive pulmonary disease. No acute focal infiltrate or consolidation. IMPRESSION: COPD changes without acute consolidation.,"FINDINGS: The cardiac silhouette is within normal limits. Lungs are clear without focal consolidation, pneumothorax, or pleural effusion. Visualized osseous structures are intact. IMPRESSION: No acute cardiopulmonary disease.","FINDINGS: Low lung volumes. Patchy opacity in the left lower lobe may represent pneumonia or atelectasis. Follow-up recommended. IMPRESSION: Left lower lobe opacity, concern for pneumonia.",FINDINGS: Lungs are hyperinflated consistent with chronic obstructive pulmonary disease. No acute focal infiltrate or consolidation. IMPRESSION: COPD changes without acute consolidation.,FINDINGS: Lungs are hyperinflated consistent with chronic obstructive pulmonary disease. No acute focal infiltrate or consolidation. IMPRESSION: COPD changes without acute consolidation.,FINDINGS: Lungs are hyperinflated consistent with chronic obstructive pulmonary disease. No acute focal infiltrate or consolidation. IMPRESSION: COPD changes without acute consolidation.
P1059,"FINDINGS: Low lung volumes. Patchy opacity in the left lower lobe may represent pneumonia or atelectasis. Follow-up recommended. IMPRESSION: Left lower lobe opacity, concern for pneumonia.","FINDINGS: The cardiac silhouette is within normal limits. Lungs are clear without focal consolidation, pneumothorax, or pleural effusion. Visualized osseous structures are intact. IMPRESSION: No acute cardiopulmonary disease.","FINDINGS: Low lung volumes. Patchy opacity in the left lower lobe may represent pneumonia or atelectasis. Follow-up recommended. IMPRESSION: Left lower lobe opacity, concern for pneumonia.",FINDINGS: Lungs are hyperinflated consistent with chronic obstructive pulmonary disease. No acute focal infiltrate or consolidation. IMPRESSION: COPD changes without acute consolidation.,FINDINGS: Lungs are hyperinflated consistent with chronic obstructive pulmonary disease. No acute focal infiltrate or consolidation. IMPRESSION: COPD changes without acute consolidation.,FINDINGS: Lungs are hyperinflated consistent with chronic obstructive pulmonary disease. No acute focal infiltrate or consolidation. IMPRESSION: COPD changes without acute consolidation.
P1060,"FINDINGS: The cardiac silhouette is within normal limits. Lungs are clear without focal consolidation, pneumothorax, or pleural effusion. Visualized osseous structures are intact. IMPRESSION: No acute cardiopulmonary disease.","FINDINGS: The cardiac silhouette is within normal limits. Lungs are clear without focal consolidation, pneumothorax, or pleural effusion. Visualized osseous structures are intact. IMPRESSION: No acute cardiopulmonary disease.",FINDINGS: Mild cardiomegaly is present. There is minimal bibasilar atelectasis. No overt pulmonary edema. No pneumothorax seen. IMPRESSION: Mild cardiomegaly with minor basilar atelectasis.,FINDINGS: Low lung volumes. Patchy opacity in the left lower lobe may represent pneumonia or atelectasis. Follow-up recommended. IMPRESSION: No acute cardiopulmonary disease.,"FINDINGS: Low lung volumes. Patchy opacity in the left lower lobe may represent pneumonia or atelectasis. Follow-up recommended. IMPRESSION: Left lower lobe opacity, concern for pneumonia.","FINDINGS: The cardiac silhouette is within normal limits. Lungs are clear without focal consolidation, pneumothorax, or pleural effusion. Visualized osseous structures are intact. IMPRESSION: No acute cardiopulmonary disease."
P1060,FINDINGS: Mild cardiomegaly is present. There is minimal bibasilar atelectasis. No overt pulmonary edema. No pneumothorax seen. IMPRESSION: Mild cardiomegaly with minor basilar atelectasis.,FINDINGS: Mild cardiomegaly is present. There is minimal bibasilar atelectasis. No overt pulmonary edema. No pneumothorax seen. IMPRESSION: Mild cardiomegaly with minor basilar atelectasis.,FINDINGS: Mild cardiomegaly is present. There is minimal bibasilar atelectasis. No overt pulmonary edema. No pneumothorax seen. IMPRESSION: Mild cardiomegaly with minor basilar atelectasis.,"FINDINGS: Moderate right-sided pleural effusion is present with associated bibasilar opacity, representing compressive atelectasis versus pneumonia. IMPRESSION: Right pleural effusion and probable bibasilar atelectasis.","FINDINGS: Low lung volumes. Patchy opacity in the left lower lobe may represent pneumonia or atelectasis. Follow-up recommended. IMPRESSION: Left lower lobe opacity, concern for pneumonia.","FINDINGS: Moderate right-sided pleural effusion is present with associated bibasilar opacity, representing compressive atelectasis versus pneumonia. IMPRESSION: Right pleural effusion and probable bibasilar atelectasis."
P1065,"FINDINGS: The cardiac silhouette is within normal limits. Lungs are clear without focal consolidation, pneumothorax, or pleural effusion. Visualized osseous structures are intact. IMPRESSION: No acute cardiopulmonary disease.","FINDINGS: The cardiac silhouette is within normal limits. Lungs are clear without focal consolidation, pneumothorax, or pleural effusion. Visualized osseous structures are intact. IMPRESSION: No acute cardiopulmonary disease.","FINDINGS: Low lung volumes. Patchy opacity in the left lower lobe may represent pneumonia or atelectasis. Follow-up recommended. IMPRESSION: Left lower lobe opacity, concern for pneumonia.",FINDINGS: Lungs are hyperinflated consistent with chronic obstructive pulmonary disease. No acute focal infiltrate or consolidation. IMPRESSION: COPD changes without acute consolidation.,FINDINGS: Lungs are hyperinflated consistent with chronic obstructive pulmonary disease. No acute focal infiltrate or consolidation. IMPRESSION: COPD changes without acute consolidation.,FINDINGS: Lungs are hyperinflated consistent with chronic obstructive pulmonary disease. No acute focal infiltrate or consolidation. IMPRESSION: COPD changes without acute consolidation.
P1065,FINDINGS: Mild cardiomegaly is present. There is minimal bibasilar atelectasis. No overt pulmonary edema. No pneumothorax seen. IMPRESSION: Mild cardiomegaly with minor basilar atelectasis.,"FINDINGS: The cardiac silhouette is within normal limits. Lungs are clear without focal consolidation, pneumothorax, or pleural effusion. Visualized osseous structures are intact. IMPRESSION: No acute cardiopulmonary disease.","FINDINGS: Low lung volumes. Patchy opacity in the left lower lobe may represent pneumonia or atelectasis. Follow-up recommended. IMPRESSION: Left lower lobe opacity, concern for pneumonia.",FINDINGS: Mild cardiomegaly is present. There is minimal bibasilar atelectasis. No overt pulmonary edema. No pneumothorax seen. IMPRESSION: Mild cardiomegaly with minor basilar atelectasis.,FINDINGS: Lungs are hyperinflated consistent with chronic obstructive pulmonary disease. No acute focal infiltrate or consolidation. IMPRESSION: COPD changes without acute consolidation.,FINDINGS: Mild cardiomegaly is present. There is minimal bibasilar atelectasis. No overt pulmonary edema. No pneumothorax seen. IMPRESSION: Mild cardiomegaly with minor basilar atelectasis.
P1070,"FINDINGS: The cardiac silhouette is within normal limits. Lungs are clear without focal consolidation, pneumothorax, or pleural effusion. Visualized osseous structures are intact. IMPRESSION: No acute cardiopulmonary disease.","FINDINGS: The cardiac silhouette is within normal limits. Lungs are clear without focal consolidation, pneumothorax, or pleural effusion. Visualized osseous structures are intact. IMPRESSION: No acute cardiopulmonary disease.",FINDINGS: Mild cardiomegaly is present. There is minimal bibasilar atelectasis. No overt pulmonary edema. No pneumothorax seen. IMPRESSION: Mild cardiomegaly with minor basilar atelectasis.,FINDINGS: Lungs are hyperinflated consistent with chronic obstructive pulmonary disease. No acute focal infiltrate or consolidation. IMPRESSION: No acute consolidation.,FINDINGS: Lungs are hyperinflated consistent with chronic obstructive pulmonary disease. No acute focal infiltrate or consolidation. IMPRESSION: COPD changes without acute consolidation.,"FINDINGS: Moderate right-sided pleural effusion is present with associated bibasilar opacity, representing compressive atelectasis versus pneumonia. IMPRESSION: Right pleural effusion and probable bibasilar atelectasis."
P1070,FINDINGS: Mild cardiomegaly is present. There is minimal bibasilar atelectasis. No overt pulmonary edema. No pneumothorax seen. IMPRESSION: Mild cardiomegaly with minor basilar atelectasis.,"FINDINGS: The cardiac silhouette is within normal limits. Lungs are clear without focal consolidation, pneumothorax, or pleural effusion. Visualized osseous structures are intact. IMPRESSION: No acute cardiopulmonary disease.",FINDINGS: Mild cardiomegaly is present. There is minimal bibasilar atelectasis. No overt pulmonary edema. No pneumothorax seen. IMPRESSION: Mild cardiomegaly with minor basilar atelectasis.,FINDINGS: Moderate right-sided pleural effusion is present. There is minimal bibasilar atelectasis. No overt pulmonary edema. No pneumothorax seen. IMPRESSION: Mild cardiomegaly with minor basilar atelectasis.,"FINDINGS: Moderate right-sided pleural effusion is present with associated bibasilar opacity, representing compressive atelectasis versus pneumonia. IMPRESSION: Right pleural effusion and probable bibasilar atelectasis.",FINDINGS: Mild cardiomegaly is present. There is minimal bibasilar atelectasis. No overt pulmonary edema. No pneumothorax seen. IMPRESSION: Mild cardiomegaly with minor basilar atelectasis.
P1071,"FINDINGS: Moderate right-sided pleural effusion is present with associated bibasilar opacity, representing compressive atelectasis versus pneumonia. IMPRESSION: Right pleural effusion and probable bibasilar atelectasis.",FINDINGS: Mild cardiomegaly is present. There is minimal bibasilar atelectasis. No overt pulmonary edema. No pneumothorax seen. IMPRESSION: Mild cardiomegaly with minor basilar atelectasis.,"FINDINGS: Low lung volumes. Patchy opacity in the left lower lobe may represent pneumonia or atelectasis. Follow-up recommended. IMPRESSION: Left lower lobe opacity, concern for pneumonia.",FINDINGS: Lungs are hyperinflated consistent with chronic obstructive pulmonary disease. No acute focal infiltrate or consolidation. IMPRESSION: COPD changes without acute consolidation.,FINDINGS: Lungs are hyperinflated consistent with chronic obstructive pulmonary disease. No acute focal infiltrate or consolidation. IMPRESSION: COPD changes without acute consolidation.,FINDINGS: Lungs are hyperinflated consistent with chronic obstructive pulmonary disease. No acute focal infiltrate or consolidation. IMPRESSION: COPD changes without acute consolidation.
P1071,FINDINGS: Lungs are hyperinflated consistent with chronic obstructive pulmonary disease. No acute focal infiltrate or consolidation. IMPRESSION: COPD changes without acute consolidation.,"FINDINGS: The cardiac silhouette is within normal limits. Lungs are clear without focal consolidation, pneumothorax, or pleural effusion. Visualized osseous structures are intact. IMPRESSION: No acute cardiopulmonary disease.","FINDINGS: Low lung volumes. Patchy opacity in the left lower lobe may represent pneumonia or atelectasis. Follow-up recommended. IMPRESSION: Left lower lobe opacity, concern for pneumonia.",FINDINGS: Moderate right-sided pleural effusion is present. There is minimal bibasilar atelectasis. No overt pulmonary edema. No pneumothorax seen. IMPRESSION: Mild cardiomegaly with minor basilar atelectasis.,"FINDINGS: Moderate right-sided pleural effusion is present with associated bibasilar opacity, representing compressive atelectasis versus pneumonia. IMPRESSION: Right pleural effusion and probable bibasilar atelectasis.",FINDINGS: Mild cardiomegaly is present. There is minimal bibasilar atelectasis. No overt pulmonary edema. No pneumothorax seen. IMPRESSION: Mild cardiomegaly with minor basilar atelectasis.
